../Instances/CVRP/X-n1001-k43.vrp;8;77926;0.077508
../Instances/CVRP/X-n1001-k43.vrp;8;77827;0.118554
../Instances/CVRP/X-n1001-k43.vrp;8;77396;0.196797
../Instances/CVRP/X-n1001-k43.vrp;8;77354;0.262588
../Instances/CVRP/X-n1001-k43.vrp;8;77335;0.296027
../Instances/CVRP/X-n1001-k43.vrp;8;77316;0.328199
../Instances/CVRP/X-n1001-k43.vrp;8;77064;0.425378
../Instances/CVRP/X-n1001-k43.vrp;8;76955;0.839677
../Instances/CVRP/X-n1001-k43.vrp;8;76920;1.4937
../Instances/CVRP/X-n1001-k43.vrp;8;76911;2.74244
../Instances/CVRP/X-n1001-k43.vrp;8;76681;3.73203
../Instances/CVRP/X-n1001-k43.vrp;8;76548;3.78828
../Instances/CVRP/X-n1001-k43.vrp;8;76504;3.90633
../Instances/CVRP/X-n1001-k43.vrp;8;76219;4.31494
../Instances/CVRP/X-n1001-k43.vrp;8;76179;5.40076
../Instances/CVRP/X-n1001-k43.vrp;8;76149;5.76203
../Instances/CVRP/X-n1001-k43.vrp;8;76034;5.78024
../Instances/CVRP/X-n1001-k43.vrp;8;76022;5.8926
../Instances/CVRP/X-n1001-k43.vrp;8;75847;6.2873
../Instances/CVRP/X-n1001-k43.vrp;8;75828;6.42016
../Instances/CVRP/X-n1001-k43.vrp;8;75827;6.96877
../Instances/CVRP/X-n1001-k43.vrp;8;75821;7.65643
../Instances/CVRP/X-n1001-k43.vrp;8;75755;8.30989
../Instances/CVRP/X-n1001-k43.vrp;8;75736;9.2023
../Instances/CVRP/X-n1001-k43.vrp;8;75644;9.21841
../Instances/CVRP/X-n1001-k43.vrp;8;75250;10.3361
../Instances/CVRP/X-n1001-k43.vrp;8;75217;10.6065
../Instances/CVRP/X-n1001-k43.vrp;8;75071;11.309
../Instances/CVRP/X-n1001-k43.vrp;8;74760;11.7261
../Instances/CVRP/X-n1001-k43.vrp;8;74715;12.6715
../Instances/CVRP/X-n1001-k43.vrp;8;74686;18.0433
../Instances/CVRP/X-n1001-k43.vrp;8;74568;23.9058
../Instances/CVRP/X-n1001-k43.vrp;8;74543;26.1912
../Instances/CVRP/X-n1001-k43.vrp;8;74486;28.4264
../Instances/CVRP/X-n1001-k43.vrp;8;74472;34.2466
../Instances/CVRP/X-n1001-k43.vrp;8;74467;43.7295
../Instances/CVRP/X-n1001-k43.vrp;8;74454;44.1609
../Instances/CVRP/X-n1001-k43.vrp;8;74410;45.069
../Instances/CVRP/X-n1001-k43.vrp;8;74320;46.4141
../Instances/CVRP/X-n1001-k43.vrp;8;74290;46.6988
../Instances/CVRP/X-n1001-k43.vrp;8;74289;48.7562
../Instances/CVRP/X-n1001-k43.vrp;8;74239;53.6714
../Instances/CVRP/X-n1001-k43.vrp;8;74232;56.9539
../Instances/CVRP/X-n1001-k43.vrp;8;74093;59.5839
../Instances/CVRP/X-n1001-k43.vrp;8;74077;83.8883
../Instances/CVRP/X-n1001-k43.vrp;8;74025;84.463
../Instances/CVRP/X-n1001-k43.vrp;8;74022;86.1718
../Instances/CVRP/X-n1001-k43.vrp;8;74019;93.2669
../Instances/CVRP/X-n1001-k43.vrp;8;74013;93.9853
../Instances/CVRP/X-n1001-k43.vrp;8;74007;99.7027
../Instances/CVRP/X-n1001-k43.vrp;8;73964;106.595
../Instances/CVRP/X-n1001-k43.vrp;8;73918;112.614
../Instances/CVRP/X-n1001-k43.vrp;8;73853;118.936
../Instances/CVRP/X-n1001-k43.vrp;8;73825;124.108
../Instances/CVRP/X-n1001-k43.vrp;8;73781;129.774
../Instances/CVRP/X-n1001-k43.vrp;8;73702;130.14
../Instances/CVRP/X-n1001-k43.vrp;8;73659;144.21
../Instances/CVRP/X-n1001-k43.vrp;8;73640;154.912
../Instances/CVRP/X-n1001-k43.vrp;8;73573;155.339
../Instances/CVRP/X-n1001-k43.vrp;8;73560;156.219
../Instances/CVRP/X-n1001-k43.vrp;8;73540;165.677
../Instances/CVRP/X-n1001-k43.vrp;8;73532;172.913
../Instances/CVRP/X-n1001-k43.vrp;8;73506;175.006
../Instances/CVRP/X-n1001-k43.vrp;8;73496;177.461
../Instances/CVRP/X-n1001-k43.vrp;8;73483;180.8
../Instances/CVRP/X-n1001-k43.vrp;8;73464;183.269
../Instances/CVRP/X-n1001-k43.vrp;8;73423;192.932
../Instances/CVRP/X-n1001-k43.vrp;8;73415;193.127
../Instances/CVRP/X-n1001-k43.vrp;8;73402;194.865
../Instances/CVRP/X-n1001-k43.vrp;8;73366;198.89
../Instances/CVRP/X-n1001-k43.vrp;8;73339;212.073
../Instances/CVRP/X-n1001-k43.vrp;8;73332;239.43
../Instances/CVRP/X-n1001-k43.vrp;8;73311;241.809
../Instances/CVRP/X-n1001-k43.vrp;8;73304;244.485
../Instances/CVRP/X-n1001-k43.vrp;8;73303;247.153
../Instances/CVRP/X-n1001-k43.vrp;8;73300;247.292
../Instances/CVRP/X-n1001-k43.vrp;8;73249;248.767
../Instances/CVRP/X-n1001-k43.vrp;8;73246;259.075
../Instances/CVRP/X-n1001-k43.vrp;8;73241;264.857
../Instances/CVRP/X-n1001-k43.vrp;8;73237;265.469
../Instances/CVRP/X-n1001-k43.vrp;8;73233;269.04
../Instances/CVRP/X-n1001-k43.vrp;8;73230;269.929
../Instances/CVRP/X-n1001-k43.vrp;8;73223;271.6
../Instances/CVRP/X-n1001-k43.vrp;8;73216;273.319
../Instances/CVRP/X-n1001-k43.vrp;8;73213;275.683
../Instances/CVRP/X-n1001-k43.vrp;8;73205;276.262
../Instances/CVRP/X-n1001-k43.vrp;8;73203;278.084
../Instances/CVRP/X-n1001-k43.vrp;8;73187;285.065
../Instances/CVRP/X-n1001-k43.vrp;8;73186;300.461
../Instances/CVRP/X-n1001-k43.vrp;8;73178;302.676
../Instances/CVRP/X-n1001-k43.vrp;8;73169;304.444
../Instances/CVRP/X-n1001-k43.vrp;8;73168;307.501
../Instances/CVRP/X-n1001-k43.vrp;8;73151;307.902
../Instances/CVRP/X-n1001-k43.vrp;8;73137;314.132
../Instances/CVRP/X-n1001-k43.vrp;8;73127;322.535
../Instances/CVRP/X-n1001-k43.vrp;8;73123;322.852
../Instances/CVRP/X-n1001-k43.vrp;8;73113;324.816
../Instances/CVRP/X-n1001-k43.vrp;8;73107;333.862
../Instances/CVRP/X-n1001-k43.vrp;8;73101;334.191
../Instances/CVRP/X-n1001-k43.vrp;8;73085;334.356
../Instances/CVRP/X-n1001-k43.vrp;8;73084;337.489
../Instances/CVRP/X-n1001-k43.vrp;8;73083;340.128
../Instances/CVRP/X-n1001-k43.vrp;8;73082;343.897
../Instances/CVRP/X-n1001-k43.vrp;8;73080;345.255
../Instances/CVRP/X-n1001-k43.vrp;8;73071;347.107
../Instances/CVRP/X-n1001-k43.vrp;8;73067;349.725
../Instances/CVRP/X-n1001-k43.vrp;8;73065;356.457
../Instances/CVRP/X-n1001-k43.vrp;8;73063;357.211
../Instances/CVRP/X-n1001-k43.vrp;8;73057;360.795
../Instances/CVRP/X-n1001-k43.vrp;8;73054;365.227
../Instances/CVRP/X-n1001-k43.vrp;8;73053;368.151
../Instances/CVRP/X-n1001-k43.vrp;8;73040;370.376
../Instances/CVRP/X-n1001-k43.vrp;8;73028;373.707
../Instances/CVRP/X-n1001-k43.vrp;8;73013;377.399
../Instances/CVRP/X-n1001-k43.vrp;8;73007;380.57
../Instances/CVRP/X-n1001-k43.vrp;8;73004;380.798
../Instances/CVRP/X-n1001-k43.vrp;8;73001;383.006
../Instances/CVRP/X-n1001-k43.vrp;8;72999;383.039
../Instances/CVRP/X-n1001-k43.vrp;8;72990;383.439
../Instances/CVRP/X-n1001-k43.vrp;8;72989;387.289
../Instances/CVRP/X-n1001-k43.vrp;8;72988;389.757
../Instances/CVRP/X-n1001-k43.vrp;8;72984;390.59
../Instances/CVRP/X-n1001-k43.vrp;8;72978;394.687
../Instances/CVRP/X-n1001-k43.vrp;8;72966;395.204
../Instances/CVRP/X-n1001-k43.vrp;8;72965;395.322
../Instances/CVRP/X-n1001-k43.vrp;8;72962;407.083
../Instances/CVRP/X-n1001-k43.vrp;8;72957;408.159
../Instances/CVRP/X-n1001-k43.vrp;8;72955;410.239
../Instances/CVRP/X-n1001-k43.vrp;8;72943;411.914
../Instances/CVRP/X-n1001-k43.vrp;8;72941;412.387
../Instances/CVRP/X-n1001-k43.vrp;8;72938;415.157
../Instances/CVRP/X-n1001-k43.vrp;8;72936;417.026
../Instances/CVRP/X-n1001-k43.vrp;8;72918;419.667
../Instances/CVRP/X-n1001-k43.vrp;8;72910;420.748
../Instances/CVRP/X-n1001-k43.vrp;8;72900;423.511
../Instances/CVRP/X-n1001-k43.vrp;8;72892;428.923
../Instances/CVRP/X-n1001-k43.vrp;8;72890;430.012
../Instances/CVRP/X-n1001-k43.vrp;8;72881;436.174
../Instances/CVRP/X-n1001-k43.vrp;8;72870;437.166
../Instances/CVRP/X-n1001-k43.vrp;8;72855;439.581
../Instances/CVRP/X-n1001-k43.vrp;8;72849;441.894
../Instances/CVRP/X-n1001-k43.vrp;8;72847;442.678
../Instances/CVRP/X-n1001-k43.vrp;8;72844;444.09
../Instances/CVRP/X-n1001-k43.vrp;8;72840;447.646
../Instances/CVRP/X-n1001-k43.vrp;8;72838;447.79
../Instances/CVRP/X-n1001-k43.vrp;8;72836;450.402
../Instances/CVRP/X-n1001-k43.vrp;8;72835;467.33
../Instances/CVRP/X-n1001-k43.vrp;8;72831;468.441
../Instances/CVRP/X-n1001-k43.vrp;8;72830;477.972
../Instances/CVRP/X-n1001-k43.vrp;8;72829;479.366
../Instances/CVRP/X-n1001-k43.vrp;8;72825;485.268
../Instances/CVRP/X-n1001-k43.vrp;8;72824;492.785
../Instances/CVRP/X-n1001-k43.vrp;8;72823;494.546
../Instances/CVRP/X-n1001-k43.vrp;8;72821;498.04
../Instances/CVRP/X-n1001-k43.vrp;8;72816;501.328
../Instances/CVRP/X-n1001-k43.vrp;8;72815;502.446
../Instances/CVRP/X-n1001-k43.vrp;8;72814;502.717
../Instances/CVRP/X-n1001-k43.vrp;8;72813;513.919
../Instances/CVRP/X-n1001-k43.vrp;8;72812;513.989
../Instances/CVRP/X-n1001-k43.vrp;8;72811;523.103
../Instances/CVRP/X-n1001-k43.vrp;8;72810;527.386
../Instances/CVRP/X-n1001-k43.vrp;8;72809;539.814
../Instances/CVRP/X-n1001-k43.vrp;8;72808;563.379
../Instances/CVRP/X-n1001-k43.vrp;8;72807;576.863
../Instances/CVRP/X-n1001-k43.vrp;8;72806;635.748
../Instances/CVRP/X-n1001-k43.vrp;8;72803;641.998
../Instances/CVRP/X-n1001-k43.vrp;8;72802;643.737
../Instances/CVRP/X-n1001-k43.vrp;8;72799;655.001
../Instances/CVRP/X-n1001-k43.vrp;8;72794;660.185
../Instances/CVRP/X-n1001-k43.vrp;8;72792;663.666
../Instances/CVRP/X-n1001-k43.vrp;8;72790;664.879
../Instances/CVRP/X-n1001-k43.vrp;8;72789;666.096
../Instances/CVRP/X-n1001-k43.vrp;8;72783;677.149
../Instances/CVRP/X-n1001-k43.vrp;8;72782;685.934
../Instances/CVRP/X-n1001-k43.vrp;8;72779;1675.49
../Instances/CVRP/X-n1001-k43.vrp;8;72778;1742.41
../Instances/CVRP/X-n1001-k43.vrp;8;72771;1773.66
../Instances/CVRP/X-n1001-k43.vrp;8;72770;2127.66
../Instances/CVRP/X-n1001-k43.vrp;8;72767;2129.32
../Instances/CVRP/X-n1001-k43.vrp;8;72763;2134.99
../Instances/CVRP/X-n1001-k43.vrp;8;72757;2135.72
../Instances/CVRP/X-n1001-k43.vrp;8;72753;2137.89
../Instances/CVRP/X-n1001-k43.vrp;8;72747;2138.63
../Instances/CVRP/X-n1001-k43.vrp;8;72742;2141.43
../Instances/CVRP/X-n1001-k43.vrp;8;72741;2142.47
../Instances/CVRP/X-n1001-k43.vrp;8;72732;2142.53
../Instances/CVRP/X-n1001-k43.vrp;8;72730;2145.11
../Instances/CVRP/X-n1001-k43.vrp;8;72726;2145.5
../Instances/CVRP/X-n1001-k43.vrp;8;72723;2146
../Instances/CVRP/X-n1001-k43.vrp;8;72718;2148.16
../Instances/CVRP/X-n1001-k43.vrp;8;72717;2150.38
../Instances/CVRP/X-n1001-k43.vrp;8;72714;2151.33
../Instances/CVRP/X-n1001-k43.vrp;8;72713;2152.03
../Instances/CVRP/X-n1001-k43.vrp;8;72690;2162.66
../Instances/CVRP/X-n1001-k43.vrp;8;72684;2163.67
../Instances/CVRP/X-n1001-k43.vrp;8;72683;2165.1
../Instances/CVRP/X-n1001-k43.vrp;8;72681;2167.71
../Instances/CVRP/X-n1001-k43.vrp;8;72673;2170.81
../Instances/CVRP/X-n1001-k43.vrp;8;72672;2172.58
../Instances/CVRP/X-n1001-k43.vrp;8;72671;2175.49
../Instances/CVRP/X-n1001-k43.vrp;8;72669;2176.49
../Instances/CVRP/X-n1001-k43.vrp;8;72666;2177.43
../Instances/CVRP/X-n1001-k43.vrp;8;72664;2187.73
../Instances/CVRP/X-n1001-k43.vrp;8;72653;2188.53
../Instances/CVRP/X-n1001-k43.vrp;8;72647;2195.69
../Instances/CVRP/X-n1001-k43.vrp;8;72646;2196.2
../Instances/CVRP/X-n1001-k43.vrp;8;72639;2196.99
../Instances/CVRP/X-n1001-k43.vrp;8;72636;2198.29
../Instances/CVRP/X-n1001-k43.vrp;8;72633;2198.34
../Instances/CVRP/X-n1001-k43.vrp;8;72631;2206.3
../Instances/CVRP/X-n1001-k43.vrp;8;72630;2210.54
../Instances/CVRP/X-n1001-k43.vrp;8;72623;2222.48
../Instances/CVRP/X-n1001-k43.vrp;8;72622;2232.35
../Instances/CVRP/X-n1001-k43.vrp;8;72621;2232.89
../Instances/CVRP/X-n1001-k43.vrp;8;72618;2233.83
../Instances/CVRP/X-n1001-k43.vrp;8;72616;2245.15
../Instances/CVRP/X-n1001-k43.vrp;8;72615;2271.42
