../Instances/CVRP/X-n106-k14.vrp;8;27098;0.001248
../Instances/CVRP/X-n106-k14.vrp;8;27039;0.001919
../Instances/CVRP/X-n106-k14.vrp;8;26902;0.003491
../Instances/CVRP/X-n106-k14.vrp;8;26849;0.005552
../Instances/CVRP/X-n106-k14.vrp;8;26809;0.007005
../Instances/CVRP/X-n106-k14.vrp;8;26736;0.011939
../Instances/CVRP/X-n106-k14.vrp;8;26692;0.060107
../Instances/CVRP/X-n106-k14.vrp;8;26647;0.07491
../Instances/CVRP/X-n106-k14.vrp;8;26579;0.095028
../Instances/CVRP/X-n106-k14.vrp;8;26555;0.209073
../Instances/CVRP/X-n106-k14.vrp;8;26554;0.397245
../Instances/CVRP/X-n106-k14.vrp;8;26550;0.401409
../Instances/CVRP/X-n106-k14.vrp;8;26476;0.487467
../Instances/CVRP/X-n106-k14.vrp;8;26470;0.49991
../Instances/CVRP/X-n106-k14.vrp;8;26454;0.84489
../Instances/CVRP/X-n106-k14.vrp;8;26431;0.918354
../Instances/CVRP/X-n106-k14.vrp;8;26428;1.09501
../Instances/CVRP/X-n106-k14.vrp;8;26426;1.59688
../Instances/CVRP/X-n106-k14.vrp;8;26421;4.94286
../Instances/CVRP/X-n106-k14.vrp;8;26395;14.2168
../Instances/CVRP/X-n106-k14.vrp;8;26394;23.2975
../Instances/CVRP/X-n106-k14.vrp;8;26391;31.3038
../Instances/CVRP/X-n106-k14.vrp;8;26389;43.9139
../Instances/CVRP/X-n106-k14.vrp;8;26388;55.6359
../Instances/CVRP/X-n106-k14.vrp;8;26386;61.2697
../Instances/CVRP/X-n106-k14.vrp;8;26383;62.4065
../Instances/CVRP/X-n106-k14.vrp;8;26382;218.369
../Instances/CVRP/X-n106-k14.vrp;8;26381;231.833
