../Instances/CVRP/X-n573-k30.vrp;5;52467;0.032783
../Instances/CVRP/X-n573-k30.vrp;5;52105;0.141
../Instances/CVRP/X-n573-k30.vrp;5;52011;1.21977
../Instances/CVRP/X-n573-k30.vrp;5;51948;2.32303
../Instances/CVRP/X-n573-k30.vrp;5;51869;2.35225
../Instances/CVRP/X-n573-k30.vrp;5;51863;2.56089
../Instances/CVRP/X-n573-k30.vrp;5;51812;2.69014
../Instances/CVRP/X-n573-k30.vrp;5;51790;2.78434
../Instances/CVRP/X-n573-k30.vrp;5;51498;3.12981
../Instances/CVRP/X-n573-k30.vrp;5;51486;3.80975
../Instances/CVRP/X-n573-k30.vrp;5;51255;4.96111
../Instances/CVRP/X-n573-k30.vrp;5;51217;6.45321
../Instances/CVRP/X-n573-k30.vrp;5;51209;12.9405
../Instances/CVRP/X-n573-k30.vrp;5;51203;13.2086
../Instances/CVRP/X-n573-k30.vrp;5;51180;13.2402
../Instances/CVRP/X-n573-k30.vrp;5;51152;17.3211
../Instances/CVRP/X-n573-k30.vrp;5;51149;19.0107
../Instances/CVRP/X-n573-k30.vrp;5;51133;19.3078
../Instances/CVRP/X-n573-k30.vrp;5;51067;24.6784
../Instances/CVRP/X-n573-k30.vrp;5;51065;26.9881
../Instances/CVRP/X-n573-k30.vrp;5;51059;28.2225
../Instances/CVRP/X-n573-k30.vrp;5;51055;30.0364
../Instances/CVRP/X-n573-k30.vrp;5;51047;34.3195
../Instances/CVRP/X-n573-k30.vrp;5;51042;39.254
../Instances/CVRP/X-n573-k30.vrp;5;51036;41.315
../Instances/CVRP/X-n573-k30.vrp;5;51035;42.4272
../Instances/CVRP/X-n573-k30.vrp;5;51033;43.5802
../Instances/CVRP/X-n573-k30.vrp;5;51023;44.5013
../Instances/CVRP/X-n573-k30.vrp;5;51019;53.3872
../Instances/CVRP/X-n573-k30.vrp;5;51008;57.0774
../Instances/CVRP/X-n573-k30.vrp;5;51001;58.3182
../Instances/CVRP/X-n573-k30.vrp;5;50999;67.0951
../Instances/CVRP/X-n573-k30.vrp;5;50998;68.944
../Instances/CVRP/X-n573-k30.vrp;5;50997;70.9253
../Instances/CVRP/X-n573-k30.vrp;5;50996;71.9026
../Instances/CVRP/X-n573-k30.vrp;5;50990;78.6316
../Instances/CVRP/X-n573-k30.vrp;5;50989;80.7969
../Instances/CVRP/X-n573-k30.vrp;5;50987;82.6686
../Instances/CVRP/X-n573-k30.vrp;5;50981;88.4042
../Instances/CVRP/X-n573-k30.vrp;5;50958;99.9418
../Instances/CVRP/X-n573-k30.vrp;5;50957;106.654
../Instances/CVRP/X-n573-k30.vrp;5;50951;111.188
../Instances/CVRP/X-n573-k30.vrp;5;50948;120.776
../Instances/CVRP/X-n573-k30.vrp;5;50945;128.409
../Instances/CVRP/X-n573-k30.vrp;5;50944;130.397
../Instances/CVRP/X-n573-k30.vrp;5;50943;136.128
../Instances/CVRP/X-n573-k30.vrp;5;50938;147.517
../Instances/CVRP/X-n573-k30.vrp;5;50937;169.263
../Instances/CVRP/X-n573-k30.vrp;5;50936;182.482
../Instances/CVRP/X-n573-k30.vrp;5;50934;186.127
../Instances/CVRP/X-n573-k30.vrp;5;50929;203.248
../Instances/CVRP/X-n573-k30.vrp;5;50913;203.541
../Instances/CVRP/X-n573-k30.vrp;5;50906;211.203
../Instances/CVRP/X-n573-k30.vrp;5;50892;215.192
../Instances/CVRP/X-n573-k30.vrp;5;50885;215.382
../Instances/CVRP/X-n573-k30.vrp;5;50881;216.245
../Instances/CVRP/X-n573-k30.vrp;5;50872;217.829
../Instances/CVRP/X-n573-k30.vrp;5;50861;225.639
../Instances/CVRP/X-n573-k30.vrp;5;50860;227.747
../Instances/CVRP/X-n573-k30.vrp;5;50850;229.415
../Instances/CVRP/X-n573-k30.vrp;5;50846;230.542
../Instances/CVRP/X-n573-k30.vrp;5;50843;235.723
../Instances/CVRP/X-n573-k30.vrp;5;50833;250.068
../Instances/CVRP/X-n573-k30.vrp;5;50830;254.038
../Instances/CVRP/X-n573-k30.vrp;5;50829;254.711
../Instances/CVRP/X-n573-k30.vrp;5;50827;258.422
../Instances/CVRP/X-n573-k30.vrp;5;50826;259.731
../Instances/CVRP/X-n573-k30.vrp;5;50824;268.359
../Instances/CVRP/X-n573-k30.vrp;5;50817;286.87
../Instances/CVRP/X-n573-k30.vrp;5;50816;292.322
../Instances/CVRP/X-n573-k30.vrp;5;50815;295.219
../Instances/CVRP/X-n573-k30.vrp;5;50813;297.443
../Instances/CVRP/X-n573-k30.vrp;5;50811;309.675
../Instances/CVRP/X-n573-k30.vrp;5;50806;323.43
../Instances/CVRP/X-n573-k30.vrp;5;50804;332.827
../Instances/CVRP/X-n573-k30.vrp;5;50803;339.581
../Instances/CVRP/X-n573-k30.vrp;5;50800;341.962
../Instances/CVRP/X-n573-k30.vrp;5;50799;356.545
../Instances/CVRP/X-n573-k30.vrp;5;50798;359.755
../Instances/CVRP/X-n573-k30.vrp;5;50796;364.385
../Instances/CVRP/X-n573-k30.vrp;5;50794;366.891
../Instances/CVRP/X-n573-k30.vrp;5;50792;368.052
../Instances/CVRP/X-n573-k30.vrp;5;50790;374.207
../Instances/CVRP/X-n573-k30.vrp;5;50789;379.991
../Instances/CVRP/X-n573-k30.vrp;5;50788;388.906
../Instances/CVRP/X-n573-k30.vrp;5;50786;400.44
../Instances/CVRP/X-n573-k30.vrp;5;50785;406.241
../Instances/CVRP/X-n573-k30.vrp;5;50784;407.934
../Instances/CVRP/X-n573-k30.vrp;5;50783;410.861
../Instances/CVRP/X-n573-k30.vrp;5;50782;417.709
../Instances/CVRP/X-n573-k30.vrp;5;50781;421.701
../Instances/CVRP/X-n573-k30.vrp;5;50779;426.19
../Instances/CVRP/X-n573-k30.vrp;5;50778;432.445
../Instances/CVRP/X-n573-k30.vrp;5;50776;442.298
../Instances/CVRP/X-n573-k30.vrp;5;50775;446.471
../Instances/CVRP/X-n573-k30.vrp;5;50774;452.897
../Instances/CVRP/X-n573-k30.vrp;5;50773;454.201
../Instances/CVRP/X-n573-k30.vrp;5;50770;484.782
../Instances/CVRP/X-n573-k30.vrp;5;50768;505.924
