../Instances/CVRP/X-n491-k59.vrp;5;69963;0.029948
../Instances/CVRP/X-n491-k59.vrp;5;69881;0.035674
../Instances/CVRP/X-n491-k59.vrp;5;69605;0.044568
../Instances/CVRP/X-n491-k59.vrp;5;69585;0.067115
../Instances/CVRP/X-n491-k59.vrp;5;69544;0.115832
../Instances/CVRP/X-n491-k59.vrp;5;69434;0.131639
../Instances/CVRP/X-n491-k59.vrp;5;69290;0.137742
../Instances/CVRP/X-n491-k59.vrp;5;69261;0.247271
../Instances/CVRP/X-n491-k59.vrp;5;69103;0.282019
../Instances/CVRP/X-n491-k59.vrp;5;68920;0.625044
../Instances/CVRP/X-n491-k59.vrp;5;68885;0.651829
../Instances/CVRP/X-n491-k59.vrp;5;68821;0.703544
../Instances/CVRP/X-n491-k59.vrp;5;68798;0.733695
../Instances/CVRP/X-n491-k59.vrp;5;68780;0.770193
../Instances/CVRP/X-n491-k59.vrp;5;68652;0.776646
../Instances/CVRP/X-n491-k59.vrp;5;68586;0.873023
../Instances/CVRP/X-n491-k59.vrp;5;68422;0.905352
../Instances/CVRP/X-n491-k59.vrp;5;68364;0.948282
../Instances/CVRP/X-n491-k59.vrp;5;68245;1.07853
../Instances/CVRP/X-n491-k59.vrp;5;68173;1.24094
../Instances/CVRP/X-n491-k59.vrp;5;68129;1.32251
../Instances/CVRP/X-n491-k59.vrp;5;68039;1.61787
../Instances/CVRP/X-n491-k59.vrp;5;67947;1.99407
../Instances/CVRP/X-n491-k59.vrp;5;67943;2.1001
../Instances/CVRP/X-n491-k59.vrp;5;67931;2.30728
../Instances/CVRP/X-n491-k59.vrp;5;67872;2.35297
../Instances/CVRP/X-n491-k59.vrp;5;67823;2.71655
../Instances/CVRP/X-n491-k59.vrp;5;67806;2.83371
../Instances/CVRP/X-n491-k59.vrp;5;67718;2.94504
../Instances/CVRP/X-n491-k59.vrp;5;67587;3.18029
../Instances/CVRP/X-n491-k59.vrp;5;67583;3.31564
../Instances/CVRP/X-n491-k59.vrp;5;67565;3.31905
../Instances/CVRP/X-n491-k59.vrp;5;67505;3.48947
../Instances/CVRP/X-n491-k59.vrp;5;67484;4.26406
../Instances/CVRP/X-n491-k59.vrp;5;67470;4.30605
../Instances/CVRP/X-n491-k59.vrp;5;67440;4.47319
../Instances/CVRP/X-n491-k59.vrp;5;67379;4.77482
../Instances/CVRP/X-n491-k59.vrp;5;67351;4.8079
../Instances/CVRP/X-n491-k59.vrp;5;67341;4.92018
../Instances/CVRP/X-n491-k59.vrp;5;67338;5.00713
../Instances/CVRP/X-n491-k59.vrp;5;67277;5.32345
../Instances/CVRP/X-n491-k59.vrp;5;67245;6.03252
../Instances/CVRP/X-n491-k59.vrp;5;67184;6.34407
../Instances/CVRP/X-n491-k59.vrp;5;67156;6.92987
../Instances/CVRP/X-n491-k59.vrp;5;67155;7.1648
../Instances/CVRP/X-n491-k59.vrp;5;67154;7.20101
../Instances/CVRP/X-n491-k59.vrp;5;67153;7.41847
../Instances/CVRP/X-n491-k59.vrp;5;67135;7.47359
../Instances/CVRP/X-n491-k59.vrp;5;67119;7.58415
../Instances/CVRP/X-n491-k59.vrp;5;67105;8.08748
../Instances/CVRP/X-n491-k59.vrp;5;67071;8.28805
../Instances/CVRP/X-n491-k59.vrp;5;67052;9.45338
../Instances/CVRP/X-n491-k59.vrp;5;67026;10.5699
../Instances/CVRP/X-n491-k59.vrp;5;67022;11.9447
../Instances/CVRP/X-n491-k59.vrp;5;66996;12.4043
../Instances/CVRP/X-n491-k59.vrp;5;66971;14.0138
../Instances/CVRP/X-n491-k59.vrp;5;66964;14.1846
../Instances/CVRP/X-n491-k59.vrp;5;66963;14.7001
../Instances/CVRP/X-n491-k59.vrp;5;66960;15.5391
../Instances/CVRP/X-n491-k59.vrp;5;66958;15.8795
../Instances/CVRP/X-n491-k59.vrp;5;66951;15.9207
../Instances/CVRP/X-n491-k59.vrp;5;66929;16.1294
../Instances/CVRP/X-n491-k59.vrp;5;66921;16.641
../Instances/CVRP/X-n491-k59.vrp;5;66917;16.864
../Instances/CVRP/X-n491-k59.vrp;5;66914;17.5577
../Instances/CVRP/X-n491-k59.vrp;5;66910;17.7327
../Instances/CVRP/X-n491-k59.vrp;5;66908;17.9345
../Instances/CVRP/X-n491-k59.vrp;5;66903;18.1646
../Instances/CVRP/X-n491-k59.vrp;5;66887;19.4654
../Instances/CVRP/X-n491-k59.vrp;5;66879;20.3783
../Instances/CVRP/X-n491-k59.vrp;5;66858;21.0225
../Instances/CVRP/X-n491-k59.vrp;5;66850;21.6169
../Instances/CVRP/X-n491-k59.vrp;5;66848;21.6275
../Instances/CVRP/X-n491-k59.vrp;5;66845;21.906
../Instances/CVRP/X-n491-k59.vrp;5;66837;24.8947
../Instances/CVRP/X-n491-k59.vrp;5;66833;25.6693
../Instances/CVRP/X-n491-k59.vrp;5;66832;25.9965
../Instances/CVRP/X-n491-k59.vrp;5;66815;28.6957
../Instances/CVRP/X-n491-k59.vrp;5;66806;29.5108
../Instances/CVRP/X-n491-k59.vrp;5;66805;29.6013
../Instances/CVRP/X-n491-k59.vrp;5;66804;30.3799
../Instances/CVRP/X-n491-k59.vrp;5;66803;30.8252
../Instances/CVRP/X-n491-k59.vrp;5;66802;31.7145
../Instances/CVRP/X-n491-k59.vrp;5;66793;32.0533
../Instances/CVRP/X-n491-k59.vrp;5;66790;32.6778
../Instances/CVRP/X-n491-k59.vrp;5;66787;33.9287
../Instances/CVRP/X-n491-k59.vrp;5;66777;38.7434
../Instances/CVRP/X-n491-k59.vrp;5;66763;38.7487
../Instances/CVRP/X-n491-k59.vrp;5;66762;39.3378
../Instances/CVRP/X-n491-k59.vrp;5;66746;39.8996
../Instances/CVRP/X-n491-k59.vrp;5;66739;40.7551
../Instances/CVRP/X-n491-k59.vrp;5;66719;41.4612
../Instances/CVRP/X-n491-k59.vrp;5;66718;41.7368
../Instances/CVRP/X-n491-k59.vrp;5;66716;42.0414
../Instances/CVRP/X-n491-k59.vrp;5;66702;42.2497
../Instances/CVRP/X-n491-k59.vrp;5;66696;42.2632
../Instances/CVRP/X-n491-k59.vrp;5;66692;42.4487
../Instances/CVRP/X-n491-k59.vrp;5;66691;42.9774
../Instances/CVRP/X-n491-k59.vrp;5;66687;43.2603
../Instances/CVRP/X-n491-k59.vrp;5;66684;43.2904
../Instances/CVRP/X-n491-k59.vrp;5;66683;43.9977
../Instances/CVRP/X-n491-k59.vrp;5;66681;44.3186
../Instances/CVRP/X-n491-k59.vrp;5;66680;44.5786
../Instances/CVRP/X-n491-k59.vrp;5;66679;45.7019
../Instances/CVRP/X-n491-k59.vrp;5;66678;50.1405
../Instances/CVRP/X-n491-k59.vrp;5;66676;50.1709
../Instances/CVRP/X-n491-k59.vrp;5;66670;53.1411
../Instances/CVRP/X-n491-k59.vrp;5;66669;59.5616
../Instances/CVRP/X-n491-k59.vrp;5;66653;60.6698
../Instances/CVRP/X-n491-k59.vrp;5;66652;63.8768
../Instances/CVRP/X-n491-k59.vrp;5;66651;66.3168
../Instances/CVRP/X-n491-k59.vrp;5;66649;66.3211
../Instances/CVRP/X-n491-k59.vrp;5;66646;67.6164
../Instances/CVRP/X-n491-k59.vrp;5;66643;76.4199
../Instances/CVRP/X-n491-k59.vrp;5;66640;80.1038
../Instances/CVRP/X-n491-k59.vrp;5;66638;135.562
../Instances/CVRP/X-n491-k59.vrp;5;66636;143.802
../Instances/CVRP/X-n491-k59.vrp;5;66628;215.013
../Instances/CVRP/X-n491-k59.vrp;5;66627;215.562
../Instances/CVRP/X-n491-k59.vrp;5;66615;216.307
../Instances/CVRP/X-n491-k59.vrp;5;66614;216.377
../Instances/CVRP/X-n491-k59.vrp;5;66613;216.427
../Instances/CVRP/X-n491-k59.vrp;5;66602;216.559
../Instances/CVRP/X-n491-k59.vrp;5;66601;216.704
../Instances/CVRP/X-n491-k59.vrp;5;66599;217.291
../Instances/CVRP/X-n491-k59.vrp;5;66596;218.004
../Instances/CVRP/X-n491-k59.vrp;5;66593;218.678
../Instances/CVRP/X-n491-k59.vrp;5;66591;219.484
../Instances/CVRP/X-n491-k59.vrp;5;66590;219.605
../Instances/CVRP/X-n491-k59.vrp;5;66587;219.83
../Instances/CVRP/X-n491-k59.vrp;5;66586;219.831
../Instances/CVRP/X-n491-k59.vrp;5;66585;226.09
../Instances/CVRP/X-n491-k59.vrp;5;66579;234.216
../Instances/CVRP/X-n491-k59.vrp;5;66578;234.855
../Instances/CVRP/X-n491-k59.vrp;5;66576;234.885
../Instances/CVRP/X-n491-k59.vrp;5;66575;235.073
